<?xml version="1.0" encoding="UTF-8" ?> 

<Defs>

	  <HediffDef ParentName="DiseaseBase">
		<defName>Slow</defName>
		<hediffClass>HediffWithComps</hediffClass>
		<label>Slow</label>
		<labelNoun>Slow</labelNoun>
		<tendable>false</tendable>
		<makesSickThought>false</makesSickThought>
		<stages>
		  <li>
			<capMods>
			  <li>
				<capacity>Moving</capacity>
				<setMax>0.5</setMax>
			  </li>
			  <li>
				<capacity>Manipulation</capacity>
				<setMax>0.7</setMax>
			  </li>
			</capMods>
			</li>
		</stages>
			<comps>
			  <li Class="HediffCompProperties_Disappears">
				<disappearsAfterTicks>
				  <min>500</min>
				  <max>2000</max>
				</disappearsAfterTicks>
			  </li>
			</comps>
	  </HediffDef>

	  
	  <DamageDef ParentName="Bite">
		<defName>slimeattack</defName>
		<label>Acid spray</label>
		<additionalHediffs>
		  <li>
			<hediff>Slow</hediff>
			<severityPerDamageDealt>0.005</severityPerDamageDealt>
		  </li>
		</additionalHediffs>
	  </DamageDef>
	  
		  
	  <ManeuverDef>
		<defName>slimeattack</defName>
		<requiredCapacity>slimeattack</requiredCapacity>
		<verb>
		  <verbClass>Verb_MeleeAttack</verbClass>
		  <meleeDamageDef>slimeattack</meleeDamageDef>
		</verb>
		<combatLogRules>Bite</combatLogRules>
	  </ManeuverDef>
	  
	    <ToolCapacityDef>
    <defName>slimeattack</defName>
    <label>spraying acid</label>
  </ToolCapacityDef>
	  


	<HediffDef>
		<defName>Slime_Passive</defName>
		<label>Slime</label>
		<defaultLabelColor>(0.5, 0.5, 0.5)</defaultLabelColor>
		<isBad>false</isBad>
		<stages>
			<li>
				<painFactor>0.01</painFactor>
			</li>
		</stages>
	</HediffDef>
	

  <HediffGiverSetDef>
    <defName>Slime_HediffGiver</defName>
    <hediffGivers>
	  
      <li Class="HediffGiver_Birthday">
        <hediff>Slime_Passive</hediff>
        <ageFractionChanceCurve>
          <points>
            <li>(0, 1)</li>
            <li>(1, 1)</li>
          </points>
        </ageFractionChanceCurve>
      </li>

    </hediffGivers>
  </HediffGiverSetDef>
  
  

    <ThingDef ParentName="AnimalThingBase" Name="OozeRace" Abstract="True">
    <statBases>
      <MoveSpeed>3.5</MoveSpeed>
      <ComfyTemperatureMin>-40</ComfyTemperatureMin>
      <MarketValue>500</MarketValue>
      <MeatAmount>0</MeatAmount>
      <LeatherAmount>0</LeatherAmount>
      <ArmorRating_Blunt>0.8</ArmorRating_Blunt>
      <ArmorRating_Sharp>0.8</ArmorRating_Sharp>
      <ArmorRating_Heat>0</ArmorRating_Heat>
    </statBases>
	
    <tools>
      <li>
        <capacities>
          <li>slimeattack</li>
        </capacities>
        <power>10</power>
        <cooldownTime>2</cooldownTime>
        <linkedBodyPartsGroup>HeadAttackTool</linkedBodyPartsGroup>
        <surpriseAttack>
          <extraMeleeDamages>
            <li>
              <def>Stun</def>
              <amount>20</amount>
            </li>
          </extraMeleeDamages>
        </surpriseAttack>
      </li>
    </tools>
	
    <race>
      <body>Body_Slime</body>
      <herdAnimal>true</herdAnimal>
      <predator>true</predator>
      <baseBodySize>1.4</baseBodySize>
      <baseHungerRate>3</baseHungerRate>
      <baseHealthScale>1.8</baseHealthScale>
      <foodType>CarnivoreAnimal, OvivoreAnimal, DendrovoreAnimal, OmnivoreAnimal, VegetarianAnimal</foodType>
      <leatherInsulation>0.9</leatherInsulation>
      <wildness>0.90</wildness>
      <manhunterOnTameFailChance>0.018</manhunterOnTameFailChance>
      <manhunterOnDamageChance>1</manhunterOnDamageChance>
      <gestationPeriodDays>22.5</gestationPeriodDays>
      <lifeExpectancy>100</lifeExpectancy>
      <trainableIntelligence>Simple</trainableIntelligence>
	  
      <hediffGiverSets>
        <li>Slime_HediffGiver</li>
      </hediffGiverSets>
	  
	  <wildBiomes>
		<TemperateSwamp>0.12</TemperateSwamp> 
		<ColdBog>0.12</ColdBog>
		<AridShrubland>0.05</AridShrubland>
		<TemperateForest>0.1</TemperateForest>
		<TropicalRainforest>0.15</TropicalRainforest>
		<IceSheet>0</IceSheet>
		<BorealForest>0.1</BorealForest>
		<Tundra>0.07</Tundra>
		<Desert>0</Desert>
	</wildBiomes>
	
	
      <lifeStageAges>
        <li>
          <def>AnimalBaby</def>
          <minAge>0</minAge>
        </li>
        <li>
          <def>AnimalJuvenile</def>
          <minAge>0.25</minAge>
        </li>
        <li>
          <def>AnimalAdult</def>
          <minAge>0.5</minAge>
          <soundWounded>Pawn_Cougar_Injured</soundWounded>
          <soundDeath>Pawn_Cougar_Death</soundDeath>
          <soundAngry>Pawn_Cougar_Angry</soundAngry>
        </li>
      </lifeStageAges>
      <soundMeleeHitPawn>Pawn_Melee_BigBash_HitPawn</soundMeleeHitPawn>
      <soundMeleeHitBuilding>Pawn_Melee_BigBash_HitBuilding</soundMeleeHitBuilding>
      <soundMeleeMiss>Pawn_Melee_BigBash_Miss</soundMeleeMiss>
    </race>
	<comps>
		  <li Class="CompProperties_SpawnerFilth">
			<filthDef>FilthSlime</filthDef>
			<spawnCountOnSpawn>4</spawnCountOnSpawn>
			<spawnMtbHours>2</spawnMtbHours>
			<spawnRadius>1</spawnRadius>
		  </li>
    </comps> 
	</ThingDef>

  <ThingDef ParentName="OozeRace">
    <defName>ooze_green</defName>
    <label>Black Pudding</label>
    <description>an Amoeba evolved into incredibly large size. It is almost one meter in their size, and grossing. Seems have simple intelligence but not sure about they can learn something. They are trying to eat-if we can say that behaviour 'eat'- everything near them.</description>
  </ThingDef>

  <PawnKindDef>
    <defName>blackooze</defName>
    <label>Black Pudding</label>
    <race>ooze_green</race>
    <combatPower>100</combatPower>
	<canArriveManhunter>true</canArriveManhunter>
    <wildSpawn_spawnWild>true</wildSpawn_spawnWild>
    <wildSpawn_EcoSystemWeight>0.42</wildSpawn_EcoSystemWeight>
    <lifeStages>
      <li>
        <bodyGraphicData>
          <texPath>Slime</texPath>
          <drawSize>1.1</drawSize>
          <color>(80,80,80)</color>
        </bodyGraphicData>
        <dessicatedBodyGraphicData>
          <texPath>Things/Pawn/Animal/Dessicated/CritterDessicatedMedium</texPath>
          <drawSize>1.1</drawSize>
        </dessicatedBodyGraphicData>
      </li>
      <li>
        <bodyGraphicData>
          <texPath>Slime</texPath>
          <drawSize>1.4</drawSize>
          <color>(80,80,80)</color>
          <shadowData>
            <volume>(0.6, 0.3, 0.3)</volume>
            <offset>(0,0,-0.5)</offset>
          </shadowData>
        </bodyGraphicData>
        <dessicatedBodyGraphicData>
          <texPath>Things/Pawn/Animal/Dessicated/CritterDessicatedMedium</texPath>
          <drawSize>1.4</drawSize>
        </dessicatedBodyGraphicData>
      </li>
      <li>
        <bodyGraphicData>
          <texPath>Slime</texPath>
          <drawSize>2.18</drawSize>
          <color>(80,80,80)</color>
          <shadowData>
            <volume>(0.7, 0.4, 0.4)</volume>
            <offset>(0,0,-0.5)</offset>
          </shadowData>
        </bodyGraphicData>
        <dessicatedBodyGraphicData>
          <texPath>Things/Pawn/Animal/Dessicated/CritterDessicatedMedium</texPath>
          <drawSize>2.18</drawSize>
        </dessicatedBodyGraphicData>
      </li>
    </lifeStages>
  </PawnKindDef>
</Defs>