<?xml version="1.0" encoding="UTF-8" ?> 

<Defs>

	<ThingDef ParentName="AnimalThingBase">
    <defName>Deviljho</defName>
    <label>Deviljho</label>
    <description>This tremendous dinosaur-like creature is -unbelievably,- almost 40m long in width. It's mouth is big enough to swallow a deer. Because their body temperature is weirdly high, they often devour everything in front of them incessantly.</description>
	  <statBases>
      <MoveSpeed>5</MoveSpeed>
      <ComfyTemperatureMin>-20</ComfyTemperatureMin>
      <ComfyTemperatureMax>50</ComfyTemperatureMax>
      <MarketValue>14500</MarketValue>
      <MeatAmount>30</MeatAmount>
      <LeatherAmount>30</LeatherAmount>
      <ArmorRating_Blunt>0.3</ArmorRating_Blunt>
      <ArmorRating_Sharp>0.4</ArmorRating_Sharp>
      <ToxicSensitivity>0</ToxicSensitivity>
      <ImmunityGainSpeed>2.5</ImmunityGainSpeed>
    </statBases>
				<tools>
				  <li>
					<label>Bite</label>
					<capacities>
					  <li>Bite</li>
					</capacities>
					<power>28</power>
					<cooldownTime>2.6</cooldownTime>
					<linkedBodyPartsGroup>Teeth</linkedBodyPartsGroup>
				  </li>
					<li>
						<label>head</label>
						<capacities>
							<li>Blunt</li>
						</capacities>
						<power>24</power>
						<cooldownTime>2</cooldownTime>
						<linkedBodyPartsGroup>HeadAttackTool</linkedBodyPartsGroup>
					</li>
					<li>
						<label>Left Foot</label>
						<capacities>
							<li>Blunt</li>
						</capacities>
						<power>17</power>
						<cooldownTime>1.5</cooldownTime>
						<linkedBodyPartsGroup>Feet</linkedBodyPartsGroup>
					</li>
					<li>
						<label>Right Foot</label>
						<capacities>
							<li>Blunt</li>
						</capacities>
						<power>17</power>
						<cooldownTime>1.5</cooldownTime>
						<linkedBodyPartsGroup>Feet</linkedBodyPartsGroup>
					</li>
					<li>
						<label>Tail</label>
						<capacities>
							<li>Blunt</li>
						</capacities>
						<power>25</power>
						<cooldownTime>2</cooldownTime>
						<linkedBodyPartsGroup>DeviljhoTail</linkedBodyPartsGroup>
					</li>
					
		</tools>
	<race>
      <herdAnimal>false</herdAnimal>
      <predator>true</predator>
      <body>Deviljho</body>
      <baseHungerRate>10</baseHungerRate>
      <baseBodySize>10</baseBodySize>
      <baseHealthScale>15</baseHealthScale>
      <maxPreyBodySize>15</maxPreyBodySize>
      <foodType>CarnivoreAnimal</foodType>
      <gestationPeriodDays>30</gestationPeriodDays>
      <packAnimal>false</packAnimal>
      <wildness>0.95</wildness>
      <lifeExpectancy>70</lifeExpectancy>
      <manhunterOnTameFailChance>0.1</manhunterOnTameFailChance>
      <manhunterOnDamageChance>1</manhunterOnDamageChance>
      <gestationPeriodDays>60</gestationPeriodDays>
	  
	  
			<leatherLabel>devhijho scale</leatherLabel>
			<leatherColor>(130,178,142)</leatherColor>
			<leatherMarketValueFactor>9.0</leatherMarketValueFactor>
			<leatherStatFactors>
				<ArmorRating_Blunt>3.5</ArmorRating_Blunt>
				<ArmorRating_Sharp>5</ArmorRating_Sharp>
				<ArmorRating_Electric>1.5</ArmorRating_Electric>
				<ArmorRating_Heat>3.2</ArmorRating_Heat>
			</leatherStatFactors>
			
			
      <meatLabel>deviljho Meat</meatLabel>
      <nameOnTameChance>1</nameOnTameChance>
	  <wildBiomes>
		<TemperateSwamp>0.01</TemperateSwamp> 
		<ColdBog>0</ColdBog>
		<AridShrubland>0.01</AridShrubland>
		<TemperateForest>0.01</TemperateForest>
		<TropicalRainforest>0.02</TropicalRainforest>
		<IceSheet>0</IceSheet>
		<BorealForest>0</BorealForest>
		<Tundra>0</Tundra>
		<Desert>0</Desert>
	</wildBiomes>
	<nuzzleMtbHours>275</nuzzleMtbHours>
      <litterSizeCurve>
        <points>
          <li>(0.99, 0)</li>
          <li>(1, 1)</li>
          <li>(1.01, 0)</li>
        </points>
      </litterSizeCurve>
      <lifeStageAges>
        <li>
          <def>AnimalBaby</def>
          <minAge>0</minAge>
        </li>
        <li>
          <def>AnimalJuvenile</def>
          <minAge>4</minAge>
        </li>
        <li>
          <def>AnimalAdult</def>
          <minAge>8</minAge>
          <soundWounded>Pawn_Thrumbo_Pain</soundWounded>
          <soundDeath>Pawn_Thrumbo_Death</soundDeath>
          <soundCall>Pawn_Thrumbo_Call</soundCall>
          <soundAngry>Pawn_Thrumbo_Angry</soundAngry>
        </li>
      </lifeStageAges>
      <soundMeleeHitPawn>Pawn_Melee_BigBash_HitPawn</soundMeleeHitPawn>
      <soundMeleeHitBuilding>Pawn_Melee_BigBash_HitBuilding</soundMeleeHitBuilding>
      <soundMeleeMiss>Pawn_Melee_BigBash_Miss</soundMeleeMiss>
	  
	  
    </race>
  </ThingDef>
  
  
  <PawnKindDef ParentName="AnimalKindBase">
    <defName>Deviljho</defName>
    <label>Deviljho</label>
    <race>Deviljho</race>    
	<combatPower>1250</combatPower>
    <wildSpawn_EcoSystemWeight>1</wildSpawn_EcoSystemWeight>
	<canArriveManhunter>false</canArriveManhunter>
	<wildSpawn_GroupSizeRange>
      <min>1</min>
      <max>1</max>
    </wildSpawn_GroupSizeRange>
    <lifeStages>
      <li>
        <bodyGraphicData>
          <texPath>deviljho</texPath>
          <drawSize>4</drawSize>
          <shadowData>
            <volume>(0.4, 0.3, 0.3)</volume>
            <offset>(0,0,-0.2)</offset>
          </shadowData>
        </bodyGraphicData>
        <femaleGraphicData>
          <texPath>deviljho</texPath>
          <drawSize>4</drawSize>
		  <shadowData>
            <volume>(0.4, 0.3, 0.3)</volume>
            <offset>(0,0,-0.2)</offset>
          </shadowData>
        </femaleGraphicData>
        <dessicatedBodyGraphicData>
          <texPath>Things/Pawn/Animal/Dessicated/CritterDessicatedMedium</texPath>
          <drawSize>1.8</drawSize>
        </dessicatedBodyGraphicData>
      </li>
      <li>
        <bodyGraphicData>
          <texPath>deviljho</texPath>
          <drawSize>6</drawSize>
          <shadowData>
            <volume>(1.2, 0.6, 0.6)</volume>
            <offset>(0,0,-0.8)</offset>
          </shadowData>
        </bodyGraphicData>
        <femaleGraphicData>
          <texPath>deviljho</texPath>
          <drawSize>6</drawSize>
		  <shadowData>
            <volume>(1.2, 0.6, 0.6)</volume>
            <offset>(0,0,-0.8)</offset>
          </shadowData>
        </femaleGraphicData>
        <dessicatedBodyGraphicData>
          <texPath>Things/Pawn/Animal/Dessicated/CritterDessicatedMedium</texPath>
          <drawSize>2.6</drawSize>
        </dessicatedBodyGraphicData>
      </li>
      <li>
        <bodyGraphicData>
          <texPath>deviljho</texPath>
          <drawSize>8</drawSize>
		  <shadowData>
            <volume>(1.2, 0.6, 0.6)</volume>
            <offset>(0,0,-0.8)</offset>
          </shadowData>
        </bodyGraphicData>
        <femaleGraphicData>
          <texPath>deviljho</texPath>
          <drawSize>8</drawSize>
		  <shadowData>
            <volume>(1.2, 0.6, 0.6)</volume>
            <offset>(0,0,-0.8)</offset>
          </shadowData>
        </femaleGraphicData>
        <dessicatedBodyGraphicData>
          <texPath>Things/Pawn/Animal/Dessicated/CritterDessicatedMedium</texPath>
          <drawSize>3.8</drawSize>
        </dessicatedBodyGraphicData>
      </li>
    </lifeStages>
  </PawnKindDef>
  
  
  
</Defs>